"","OTU","Sample","Abundance","Gut_Subsection","Kingdom","Phylum","Class","Order","Family"
"4","Otu00002","GI_2",0.478675,"GI_2","Bacteria","Proteobacteria","Gammaproteobacteria","Vibrionales","Vibrionaceae"
"11","Otu00004","ST",0.390266666666667,"ST","Bacteria","Proteobacteria","Gammaproteobacteria","Pasteurellales","Pasteurellaceae"
"1","Otu00002","GI_1",0.34231,"GI_1","Bacteria","Proteobacteria","Gammaproteobacteria","Vibrionales","Vibrionaceae"
"45","Otu00015","GI_1",0.26643,"GI_1","Bacteria","Firmicutes","Clostridia","Clostridiales","Peptostreptococcaceae"
"5","Otu00002","GI_3",0.218704,"GI_3","Bacteria","Proteobacteria","Gammaproteobacteria","Vibrionales","Vibrionaceae"
"3","Otu00002","GI_4",0.216576,"GI_4","Bacteria","Proteobacteria","Gammaproteobacteria","Vibrionales","Vibrionaceae"
"126","Otu00047","HG_1",0.214172,"HG_1","Bacteria","Bacteroidetes","Bacteroidia","Bacteroidales","Rikenellaceae"
"124","Otu00047","HG_3",0.202772,"HG_3","Bacteria","Bacteroidetes","Bacteroidia","Bacteroidales","Rikenellaceae"
"128","Otu00047","HG_2",0.196196,"HG_2","Bacteria","Bacteroidetes","Bacteroidia","Bacteroidales","Rikenellaceae"
"2","Otu00002","ST",0.195553333333333,"ST","Bacteria","Proteobacteria","Gammaproteobacteria","Vibrionales","Vibrionaceae"
"20","Otu00005","GI_3",0.162552,"GI_3","Bacteria","Firmicutes","Erysipelotrichia","Erysipelotrichales","Erysipelotrichaceae"
"6","Otu00002","HG_2",0.153504,"HG_2","Bacteria","Proteobacteria","Gammaproteobacteria","Vibrionales","Vibrionaceae"
"90","Otu00025","HG_3",0.139772,"HG_3","Bacteria","Firmicutes","Clostridia","Clostridiales","Ruminococcaceae"
"19","Otu00005","GI_2",0.1333,"GI_2","Bacteria","Firmicutes","Erysipelotrichia","Erysipelotrichales","Erysipelotrichaceae"
"8","Otu00002","HG_1",0.131896,"HG_1","Bacteria","Proteobacteria","Gammaproteobacteria","Vibrionales","Vibrionaceae"
"48","Otu00015","GI_2",0.127745,"GI_2","Bacteria","Firmicutes","Clostridia","Clostridiales","Peptostreptococcaceae"
"91","Otu00025","HG_1",0.122748,"HG_1","Bacteria","Firmicutes","Clostridia","Clostridiales","Ruminococcaceae"
"96","Otu00025","HG_2",0.121096,"HG_2","Bacteria","Firmicutes","Clostridia","Clostridiales","Ruminococcaceae"
"7","Otu00002","HG_3",0.119876,"HG_3","Bacteria","Proteobacteria","Gammaproteobacteria","Vibrionales","Vibrionaceae"
"51","Otu00016","GI_3",0.115396,"GI_3","Bacteria","Spirochaetes","Spirochaetia","Brevinematales","Brevinemataceae"
"73","Otu00021","GI_4",0.113228,"GI_4","Bacteria","Firmicutes","Clostridia","Clostridiales","Lachnospiraceae"
"50","Otu00016","GI_2",0.097635,"GI_2","Bacteria","Spirochaetes","Spirochaetia","Brevinematales","Brevinemataceae"
"94","Otu00025","GI_4",0.096964,"GI_4","Bacteria","Firmicutes","Clostridia","Clostridiales","Ruminococcaceae"
"78","Otu00021","HG_3",0.091604,"HG_3","Bacteria","Firmicutes","Clostridia","Clostridiales","Lachnospiraceae"
"80","Otu00021","HG_1",0.090928,"HG_1","Bacteria","Firmicutes","Clostridia","Clostridiales","Lachnospiraceae"
"127","Otu00047","GI_4",0.089232,"GI_4","Bacteria","Bacteroidetes","Bacteroidia","Bacteroidales","Rikenellaceae"
"53","Otu00016","GI_4",0.088168,"GI_4","Bacteria","Spirochaetes","Spirochaetia","Brevinematales","Brevinemataceae"
"99","Otu00027","GI_4",0.076744,"GI_4","Bacteria","Tenericutes","Mollicutes","DMI","DMI_fa"
"22","Otu00005","GI_4",0.076336,"GI_4","Bacteria","Firmicutes","Erysipelotrichia","Erysipelotrichales","Erysipelotrichaceae"
"75","Otu00021","GI_3",0.072192,"GI_3","Bacteria","Firmicutes","Clostridia","Clostridiales","Lachnospiraceae"
"74","Otu00021","HG_2",0.069288,"HG_2","Bacteria","Firmicutes","Clostridia","Clostridiales","Lachnospiraceae"
"89","Otu00025","GI_3",0.067272,"GI_3","Bacteria","Firmicutes","Clostridia","Clostridiales","Ruminococcaceae"
"15","Otu00004","GI_1",0.06658,"GI_1","Bacteria","Proteobacteria","Gammaproteobacteria","Pasteurellales","Pasteurellaceae"
"98","Otu00027","GI_3",0.065308,"GI_3","Bacteria","Tenericutes","Mollicutes","DMI","DMI_fa"
"106","Otu00040","HG_3",0.055244,"HG_3","Bacteria","Verrucomicrobia","Verrucomicrobiae","Verrucomicrobiales","Akkermansiaceae"
"17","Otu00005","GI_1",0.051875,"GI_1","Bacteria","Firmicutes","Erysipelotrichia","Erysipelotrichales","Erysipelotrichaceae"
"66","Otu00019","GI_3",0.051376,"GI_3","Bacteria","Proteobacteria","Deltaproteobacteria","Desulfovibrionales","Desulfovibrionaceae"
"71","Otu00019","HG_2",0.050368,"HG_2","Bacteria","Proteobacteria","Deltaproteobacteria","Desulfovibrionales","Desulfovibrionaceae"
"113","Otu00042","GI_3",0.0468,"GI_3","Bacteria","Firmicutes","Clostridia","Clostridiales","Clostridiaceae_1"
"65","Otu00019","HG_3",0.04644,"HG_3","Bacteria","Proteobacteria","Deltaproteobacteria","Desulfovibrionales","Desulfovibrionaceae"
"49","Otu00016","GI_1",0.045885,"GI_1","Bacteria","Spirochaetes","Spirochaetia","Brevinematales","Brevinemataceae"
"68","Otu00019","GI_4",0.04444,"GI_4","Bacteria","Proteobacteria","Deltaproteobacteria","Desulfovibrionales","Desulfovibrionaceae"
"23","Otu00005","HG_1",0.043408,"HG_1","Bacteria","Firmicutes","Erysipelotrichia","Erysipelotrichales","Erysipelotrichaceae"
"41","Otu00015","GI_3",0.042176,"GI_3","Bacteria","Firmicutes","Clostridia","Clostridiales","Peptostreptococcaceae"
"82","Otu00024","GI_1",0.041575,"GI_1","Bacteria","Bacteroidetes","Bacteroidia","Bacteroidales","Tannerellaceae"
"63","Otu00017","HG_2",0.038468,"HG_2","Bacteria","Proteobacteria","Gammaproteobacteria","Oceanospirillales","Endozoicomonadaceae"
"24","Otu00005","HG_2",0.038436,"HG_2","Bacteria","Firmicutes","Erysipelotrichia","Erysipelotrichales","Erysipelotrichaceae"
"109","Otu00040","HG_2",0.038332,"HG_2","Bacteria","Verrucomicrobia","Verrucomicrobiae","Verrucomicrobiales","Akkermansiaceae"
"115","Otu00042","GI_4",0.03832,"GI_4","Bacteria","Firmicutes","Clostridia","Clostridiales","Clostridiaceae_1"
"112","Otu00040","HG_1",0.037112,"HG_1","Bacteria","Verrucomicrobia","Verrucomicrobiae","Verrucomicrobiales","Akkermansiaceae"
"132","Otu00059","HG_1",0.032416,"HG_1","Bacteria","Bacteria_unclassified","Bacteria_unclassified","Bacteria_unclassified","Bacteria_unclassified"
"69","Otu00019","HG_1",0.0319,"HG_1","Bacteria","Proteobacteria","Deltaproteobacteria","Desulfovibrionales","Desulfovibrionaceae"
"47","Otu00015","GI_4",0.03174,"GI_4","Bacteria","Firmicutes","Clostridia","Clostridiales","Peptostreptococcaceae"
"87","Otu00024","HG_3",0.030196,"HG_3","Bacteria","Bacteroidetes","Bacteroidia","Bacteroidales","Tannerellaceae"
"79","Otu00021","GI_2",0.02998,"GI_2","Bacteria","Firmicutes","Clostridia","Clostridiales","Lachnospiraceae"
"18","Otu00005","HG_3",0.028812,"HG_3","Bacteria","Firmicutes","Erysipelotrichia","Erysipelotrichales","Erysipelotrichaceae"
"114","Otu00042","ST",0.02834,"ST","Bacteria","Firmicutes","Clostridia","Clostridiales","Clostridiaceae_1"
"143","Otu00062","HG_2",0.027828,"HG_2","Bacteria","Firmicutes","Clostridia","Clostridiales","Clostridiales_vadinBB60_group"
"137","Otu00062","HG_3",0.02782,"HG_3","Bacteria","Firmicutes","Clostridia","Clostridiales","Clostridiales_vadinBB60_group"
"85","Otu00024","HG_1",0.02752,"HG_1","Bacteria","Bacteroidetes","Bacteroidia","Bacteroidales","Tannerellaceae"
"144","Otu00062","HG_1",0.027428,"HG_1","Bacteria","Firmicutes","Clostridia","Clostridiales","Clostridiales_vadinBB60_group"
"133","Otu00059","HG_2",0.026924,"HG_2","Bacteria","Bacteria_unclassified","Bacteria_unclassified","Bacteria_unclassified","Bacteria_unclassified"
"76","Otu00021","GI_1",0.0266,"GI_1","Bacteria","Firmicutes","Clostridia","Clostridiales","Lachnospiraceae"
"59","Otu00017","HG_3",0.024892,"HG_3","Bacteria","Proteobacteria","Gammaproteobacteria","Oceanospirillales","Endozoicomonadaceae"
"101","Otu00027","HG_1",0.024872,"HG_1","Bacteria","Tenericutes","Mollicutes","DMI","DMI_fa"
"121","Otu00047","GI_3",0.02438,"GI_3","Bacteria","Bacteroidetes","Bacteroidia","Bacteroidales","Rikenellaceae"
"224","Otu00141","HG_3",0.023276,"HG_3","Bacteria","Bacteroidetes","Bacteroidia","Bacteroidales","Bacteroidales_unclassified"
"283","Otu00236","ST",0.0227433333333333,"ST","Bacteria","Cyanobacteria","Oxyphotobacteria","Nostocales","Nostocaceae"
"134","Otu00059","HG_3",0.021556,"HG_3","Bacteria","Bacteria_unclassified","Bacteria_unclassified","Bacteria_unclassified","Bacteria_unclassified"
"86","Otu00024","HG_2",0.021412,"HG_2","Bacteria","Bacteroidetes","Bacteroidia","Bacteroidales","Tannerellaceae"
"173","Otu00088","GI_3",0.020756,"GI_3","Bacteria","Proteobacteria","Gammaproteobacteria","Alteromonadales","Shewanellaceae"
"60","Otu00017","GI_2",0.019835,"GI_2","Bacteria","Proteobacteria","Gammaproteobacteria","Oceanospirillales","Endozoicomonadaceae"
"83","Otu00024","GI_4",0.019532,"GI_4","Bacteria","Bacteroidetes","Bacteroidia","Bacteroidales","Tannerellaceae"
"61","Otu00017","GI_1",0.019525,"GI_1","Bacteria","Proteobacteria","Gammaproteobacteria","Oceanospirillales","Endozoicomonadaceae"
"320","Otu00277","ST",0.0192433333333333,"ST","Bacteria","Cyanobacteria","Oxyphotobacteria","Nostocales","Phormidiaceae"
"42","Otu00015","HG_2",0.01878,"HG_2","Bacteria","Firmicutes","Clostridia","Clostridiales","Peptostreptococcaceae"
"62","Otu00017","ST",0.0187,"ST","Bacteria","Proteobacteria","Gammaproteobacteria","Oceanospirillales","Endozoicomonadaceae"
"103","Otu00027","HG_2",0.018604,"HG_2","Bacteria","Tenericutes","Mollicutes","DMI","DMI_fa"
"223","Otu00141","HG_2",0.017836,"HG_2","Bacteria","Bacteroidetes","Bacteroidia","Bacteroidales","Bacteroidales_unclassified"
"219","Otu00141","HG_1",0.017724,"HG_1","Bacteria","Bacteroidetes","Bacteroidia","Bacteroidales","Bacteroidales_unclassified"
"251","Otu00169","GI_3",0.017188,"GI_3","Eukaryota","Parabasalia","Gf10_symbiont_group","Gf10_symbiont_group_or","Gf10_symbiont_group_fa"
"44","Otu00015","HG_1",0.015772,"HG_1","Bacteria","Firmicutes","Clostridia","Clostridiales","Peptostreptococcaceae"
"369","Otu00396","GI_1",0.015425,"GI_1","Bacteria","Tenericutes","Mollicutes","Mycoplasmatales","Mycoplasmataceae"
"36","Otu00012","GI_1",0.014975,"GI_1","Bacteria","Fusobacteria","Fusobacteriia","Fusobacteriales","Fusobacteriaceae"
"43","Otu00015","HG_3",0.014788,"HG_3","Bacteria","Firmicutes","Clostridia","Clostridiales","Peptostreptococcaceae"
"164","Otu00087","HG_1",0.014328,"HG_1","Bacteria","Lentisphaerae","Lentisphaeria","Victivallales","Victivallaceae"
"81","Otu00024","GI_3",0.01354,"GI_3","Bacteria","Bacteroidetes","Bacteroidia","Bacteroidales","Tannerellaceae"
"46","Otu00015","ST",0.0133766666666667,"ST","Bacteria","Firmicutes","Clostridia","Clostridiales","Peptostreptococcaceae"
"95","Otu00025","GI_2",0.013345,"GI_2","Bacteria","Firmicutes","Clostridia","Clostridiales","Ruminococcaceae"
"122","Otu00047","GI_1",0.0132,"GI_1","Bacteria","Bacteroidetes","Bacteroidia","Bacteroidales","Rikenellaceae"
"117","Otu00042","GI_1",0.013065,"GI_1","Bacteria","Firmicutes","Clostridia","Clostridiales","Clostridiaceae_1"
"123","Otu00047","ST",0.01299,"ST","Bacteria","Bacteroidetes","Bacteroidia","Bacteroidales","Rikenellaceae"
"33","Otu00012","ST",0.0123833333333333,"ST","Bacteria","Fusobacteria","Fusobacteriia","Fusobacteriales","Fusobacteriaceae"
"57","Otu00017","HG_1",0.0122,"HG_1","Bacteria","Proteobacteria","Gammaproteobacteria","Oceanospirillales","Endozoicomonadaceae"
"165","Otu00087","HG_2",0.012144,"HG_2","Bacteria","Lentisphaerae","Lentisphaeria","Victivallales","Victivallaceae"
"161","Otu00087","HG_3",0.011992,"HG_3","Bacteria","Lentisphaerae","Lentisphaeria","Victivallales","Victivallaceae"
"64","Otu00017","GI_3",0.011808,"GI_3","Bacteria","Proteobacteria","Gammaproteobacteria","Oceanospirillales","Endozoicomonadaceae"
"150","Otu00074","HG_2",0.011776,"HG_2","Bacteria","Spirochaetes","Spirochaetia","Spirochaetales","Spirochaetaceae"
"256","Otu00169","GI_2",0.011585,"GI_2","Eukaryota","Parabasalia","Gf10_symbiont_group","Gf10_symbiont_group_or","Gf10_symbiont_group_fa"
"120","Otu00042","GI_2",0.01153,"GI_2","Bacteria","Firmicutes","Clostridia","Clostridiales","Clostridiaceae_1"
"151","Otu00074","HG_3",0.011516,"HG_3","Bacteria","Spirochaetes","Spirochaetia","Spirochaetales","Spirochaetaceae"
"408","Otu00485","ST",0.01134,"ST","Bacteria","Bacteroidetes","Bacteroidia","Flavobacteriales","Flavobacteriaceae"
"97","Otu00027","GI_2",0.011065,"GI_2","Bacteria","Tenericutes","Mollicutes","DMI","DMI_fa"
"116","Otu00042","HG_1",0.010804,"HG_1","Bacteria","Firmicutes","Clostridia","Clostridiales","Clostridiaceae_1"
"344","Otu00339","HG_1",0.01,"HG_1","Bacteria","Proteobacteria","Alphaproteobacteria","Rhodospirillales","Rhodospirillales_unclassified"
"35","Otu00012","GI_3",0.00998,"GI_3","Bacteria","Fusobacteria","Fusobacteriia","Fusobacteriales","Fusobacteriaceae"
"213","Otu00133","GI_3",0.009932,"GI_3","Eukaryota","Parabasalia","Parabasalia_unclassified","Parabasalia_unclassified","Parabasalia_unclassified"
"56","Otu00016","HG_2",0.009752,"HG_2","Bacteria","Spirochaetes","Spirochaetia","Brevinematales","Brevinemataceae"
"21","Otu00005","ST",0.00970666666666667,"ST","Bacteria","Firmicutes","Erysipelotrichia","Erysipelotrichales","Erysipelotrichaceae"
"92","Otu00025","GI_1",0.009685,"GI_1","Bacteria","Firmicutes","Clostridia","Clostridiales","Ruminococcaceae"
"279","Otu00230","GI_2",0.00951,"GI_2","Bacteria","Proteobacteria","Alphaproteobacteria","Rickettsiales","uncultured"
"105","Otu00040","GI_4",0.009124,"GI_4","Bacteria","Verrucomicrobia","Verrucomicrobiae","Verrucomicrobiales","Akkermansiaceae"
"196","Otu00120","GI_4",0.009116,"GI_4","Bacteria","Kiritimatiellaeota","Kiritimatiellae","Kiritimatiellales","Kiritimatiellaceae"
"119","Otu00042","HG_3",0.009048,"HG_3","Bacteria","Firmicutes","Clostridia","Clostridiales","Clostridiaceae_1"
"58","Otu00017","GI_4",0.008856,"GI_4","Bacteria","Proteobacteria","Gammaproteobacteria","Oceanospirillales","Endozoicomonadaceae"
"340","Otu00339","HG_2",0.008856,"HG_2","Bacteria","Proteobacteria","Alphaproteobacteria","Rhodospirillales","Rhodospirillales_unclassified"
"289","Otu00238","HG_1",0.008824,"HG_1","Bacteria","Firmicutes","Clostridia","Clostridiales","Clostridiales_unclassified"
"248","Otu00156","HG_1",0.00876,"HG_1","Bacteria","Proteobacteria","Alphaproteobacteria","Rhodospirillales","uncultured"
"337","Otu00339","HG_3",0.008532,"HG_3","Bacteria","Proteobacteria","Alphaproteobacteria","Rhodospirillales","Rhodospirillales_unclassified"
"55","Otu00016","HG_1",0.008352,"HG_1","Bacteria","Spirochaetes","Spirochaetia","Brevinematales","Brevinemataceae"
"216","Otu00133","GI_2",0.008225,"GI_2","Eukaryota","Parabasalia","Parabasalia_unclassified","Parabasalia_unclassified","Parabasalia_unclassified"
"246","Otu00156","HG_2",0.008036,"HG_2","Bacteria","Proteobacteria","Alphaproteobacteria","Rhodospirillales","uncultured"
"296","Otu00238","HG_2",0.007992,"HG_2","Bacteria","Firmicutes","Clostridia","Clostridiales","Clostridiales_unclassified"
"72","Otu00019","GI_2",0.00798,"GI_2","Bacteria","Proteobacteria","Deltaproteobacteria","Desulfovibrionales","Desulfovibrionaceae"
"418","Otu00512","ST",0.00788,"ST","Bacteria","Cyanobacteria","Oxyphotobacteria","Oxyphotobacteria_unclassified","Oxyphotobacteria_unclassified"
"100","Otu00027","HG_3",0.007584,"HG_3","Bacteria","Tenericutes","Mollicutes","DMI","DMI_fa"
"297","Otu00245","HG_3",0.007576,"HG_3","Bacteria","Cyanobacteria","Melainabacteria","Gastranaerophilales","Gastranaerophilales_fa"
"93","Otu00025","ST",0.00753333333333333,"ST","Bacteria","Firmicutes","Clostridia","Clostridiales","Ruminococcaceae"
"294","Otu00238","HG_3",0.007448,"HG_3","Bacteria","Firmicutes","Clostridia","Clostridiales","Clostridiales_unclassified"
"118","Otu00042","HG_2",0.007332,"HG_2","Bacteria","Firmicutes","Clostridia","Clostridiales","Clostridiaceae_1"
"77","Otu00021","ST",0.00726,"ST","Bacteria","Firmicutes","Clostridia","Clostridiales","Lachnospiraceae"
"243","Otu00156","HG_3",0.007116,"HG_3","Bacteria","Proteobacteria","Alphaproteobacteria","Rhodospirillales","uncultured"
"172","Otu00088","GI_2",0.00705,"GI_2","Bacteria","Proteobacteria","Gammaproteobacteria","Alteromonadales","Shewanellaceae"
"269","Otu00224","HG_1",0.007044,"HG_1","Eukaryota","Parabasalia","Trichomonadea","Trichomonadea_or","Trichomonadea_fa"
"191","Otu00113","HG_3",0.006736,"HG_3","Bacteria","Bacteroidetes","Bacteroidia","Bacteroidia_unclassified","Bacteroidia_unclassified"
"136","Otu00059","ST",0.00666666666666667,"ST","Bacteria","Bacteria_unclassified","Bacteria_unclassified","Bacteria_unclassified","Bacteria_unclassified"
"271","Otu00224","HG_2",0.006464,"HG_2","Eukaryota","Parabasalia","Trichomonadea","Trichomonadea_or","Trichomonadea_fa"
"302","Otu00245","HG_2",0.006336,"HG_2","Bacteria","Cyanobacteria","Melainabacteria","Gastranaerophilales","Gastranaerophilales_fa"
"70","Otu00019","GI_1",0.006115,"GI_1","Bacteria","Proteobacteria","Deltaproteobacteria","Desulfovibrionales","Desulfovibrionaceae"
"300","Otu00245","HG_1",0.005984,"HG_1","Bacteria","Cyanobacteria","Melainabacteria","Gastranaerophilales","Gastranaerophilales_fa"
"130","Otu00059","GI_4",0.00596,"GI_4","Bacteria","Bacteria_unclassified","Bacteria_unclassified","Bacteria_unclassified","Bacteria_unclassified"
"52","Otu00016","ST",0.00566333333333333,"ST","Bacteria","Spirochaetes","Spirochaetia","Brevinematales","Brevinemataceae"
"181","Otu00111","HG_3",0.005616,"HG_3","Bacteria","Firmicutes","Clostridia","Clostridiales","Christensenellaceae"
"253","Otu00169","GI_4",0.005616,"GI_4","Eukaryota","Parabasalia","Gf10_symbiont_group","Gf10_symbiont_group_or","Gf10_symbiont_group_fa"
"265","Otu00224","HG_3",0.005592,"HG_3","Eukaryota","Parabasalia","Trichomonadea","Trichomonadea_or","Trichomonadea_fa"
"174","Otu00088","GI_1",0.005575,"GI_1","Bacteria","Proteobacteria","Gammaproteobacteria","Alteromonadales","Shewanellaceae"
"195","Otu00120","HG_1",0.005544,"HG_1","Bacteria","Kiritimatiellaeota","Kiritimatiellae","Kiritimatiellales","Kiritimatiellaceae"
"129","Otu00059","GI_3",0.005176,"GI_3","Bacteria","Bacteria_unclassified","Bacteria_unclassified","Bacteria_unclassified","Bacteria_unclassified"
"148","Otu00074","HG_1",0.005128,"HG_1","Bacteria","Spirochaetes","Spirochaetia","Spirochaetales","Spirochaetaceae"
"308","Otu00266","ST",0.00511333333333333,"ST","Bacteria","Proteobacteria","Alphaproteobacteria","Thalassobaculales","uncultured"
"131","Otu00059","GI_2",0.005025,"GI_2","Bacteria","Bacteria_unclassified","Bacteria_unclassified","Bacteria_unclassified","Bacteria_unclassified"
"378","Otu00417","HG_1",0.004836,"HG_1","Bacteria","Proteobacteria","Proteobacteria_unclassified","Proteobacteria_unclassified","Proteobacteria_unclassified"
"207","Otu00132","HG_1",0.004828,"HG_1","Bacteria","Bacteroidetes","Bacteroidia","Bacteroidales","Paludibacteraceae"
"192","Otu00113","HG_2",0.004716,"HG_2","Bacteria","Bacteroidetes","Bacteroidia","Bacteroidia_unclassified","Bacteroidia_unclassified"
"280","Otu00230","GI_3",0.004616,"GI_3","Bacteria","Proteobacteria","Alphaproteobacteria","Rickettsiales","uncultured"
"446","Otu00634","ST",0.00456333333333333,"ST","Bacteria","Proteobacteria","Alphaproteobacteria","Caulobacterales","Hyphomonadaceae"
"180","Otu00111","HG_2",0.004512,"HG_2","Bacteria","Firmicutes","Clostridia","Clostridiales","Christensenellaceae"
"395","Otu00478","HG_1",0.00444,"HG_1","Bacteria","Proteobacteria","Alphaproteobacteria","Alphaproteobacteria_unclassified","Alphaproteobacteria_unclassified"
"187","Otu00113","HG_1",0.004352,"HG_1","Bacteria","Bacteroidetes","Bacteroidia","Bacteroidia_unclassified","Bacteroidia_unclassified"
"182","Otu00111","HG_1",0.00426,"HG_1","Bacteria","Firmicutes","Clostridia","Clostridiales","Christensenellaceae"
"277","Otu00230","GI_1",0.0042,"GI_1","Bacteria","Proteobacteria","Alphaproteobacteria","Rickettsiales","uncultured"
"356","Otu00387","GI_3",0.00406,"GI_3","Bacteria","Proteobacteria","Alphaproteobacteria","Paracaedibacterales","Paracaedibacteraceae"
"140","Otu00062","GI_4",0.004048,"GI_4","Bacteria","Firmicutes","Clostridia","Clostridiales","Clostridiales_vadinBB60_group"
"206","Otu00132","HG_2",0.00398,"HG_2","Bacteria","Bacteroidetes","Bacteroidia","Bacteroidales","Paludibacteraceae"
"399","Otu00478","ST",0.00379666666666667,"ST","Bacteria","Proteobacteria","Alphaproteobacteria","Alphaproteobacteria_unclassified","Alphaproteobacteria_unclassified"
"278","Otu00230","GI_4",0.003688,"GI_4","Bacteria","Proteobacteria","Alphaproteobacteria","Rickettsiales","uncultured"
"517","Otu01463","ST",0.00367,"ST","Bacteria","Proteobacteria","Alphaproteobacteria","Rhodobacterales","Rhodobacteraceae"
"135","Otu00059","GI_1",0.00366,"GI_1","Bacteria","Bacteria_unclassified","Bacteria_unclassified","Bacteria_unclassified","Bacteria_unclassified"
"290","Otu00238","GI_4",0.003624,"GI_4","Bacteria","Firmicutes","Clostridia","Clostridiales","Clostridiales_unclassified"
"400","Otu00478","HG_3",0.003624,"HG_3","Bacteria","Proteobacteria","Alphaproteobacteria","Alphaproteobacteria_unclassified","Alphaproteobacteria_unclassified"
"202","Otu00132","HG_3",0.003512,"HG_3","Bacteria","Bacteroidetes","Bacteroidia","Bacteroidales","Paludibacteraceae"
"396","Otu00478","HG_2",0.003456,"HG_2","Bacteria","Proteobacteria","Alphaproteobacteria","Alphaproteobacteria_unclassified","Alphaproteobacteria_unclassified"
"359","Otu00387","GI_2",0.00339,"GI_2","Bacteria","Proteobacteria","Alphaproteobacteria","Paracaedibacterales","Paracaedibacteraceae"
"350","Otu00352","HG_3",0.003384,"HG_3","Bacteria","Tenericutes","Mollicutes","Mollicutes_RF39","Mollicutes_RF39_fa"
"384","Otu00417","GI_3",0.0033,"GI_3","Bacteria","Proteobacteria","Proteobacteria_unclassified","Proteobacteria_unclassified","Proteobacteria_unclassified"
"209","Otu00133","GI_4",0.00328,"GI_4","Eukaryota","Parabasalia","Parabasalia_unclassified","Parabasalia_unclassified","Parabasalia_unclassified"
"194","Otu00120","HG_3",0.003232,"HG_3","Bacteria","Kiritimatiellaeota","Kiritimatiellae","Kiritimatiellales","Kiritimatiellaceae"
"508","Otu01270","ST",0.00319666666666667,"ST","Bacteria","Bacteroidetes","Bacteroidia","Cytophagales","Cyclobacteriaceae"
"365","Otu00395","HG_3",0.00312,"HG_3","Bacteria","Actinobacteria","Coriobacteriia","Coriobacteriales","Eggerthellaceae"
"352","Otu00352","HG_1",0.003028,"HG_1","Bacteria","Tenericutes","Mollicutes","Mollicutes_RF39","Mollicutes_RF39_fa"
"220","Otu00141","GI_1",0.00302,"GI_1","Bacteria","Bacteroidetes","Bacteroidia","Bacteroidales","Bacteroidales_unclassified"
"358","Otu00387","GI_4",0.002984,"GI_4","Bacteria","Proteobacteria","Alphaproteobacteria","Paracaedibacterales","Paracaedibacteraceae"
"483","Otu01063","ST",0.00286666666666667,"ST","Bacteria","Proteobacteria","Gammaproteobacteria","Cellvibrionales","Cellvibrionaceae"
"315","Otu00277","GI_2",0.00286,"GI_2","Bacteria","Cyanobacteria","Oxyphotobacteria","Nostocales","Phormidiaceae"
"349","Otu00352","HG_2",0.002824,"HG_2","Bacteria","Tenericutes","Mollicutes","Mollicutes_RF39","Mollicutes_RF39_fa"
"176","Otu00088","HG_1",0.002808,"HG_1","Bacteria","Proteobacteria","Gammaproteobacteria","Alteromonadales","Shewanellaceae"
"169","Otu00088","HG_2",0.002808,"HG_2","Bacteria","Proteobacteria","Gammaproteobacteria","Alteromonadales","Shewanellaceae"
"471","Otu00851","ST",0.00276,"ST","Bacteria","Proteobacteria","Alphaproteobacteria","Rhizobiales","Rhodomicrobiaceae"
"377","Otu00417","GI_4",0.002756,"GI_4","Bacteria","Proteobacteria","Proteobacteria_unclassified","Proteobacteria_unclassified","Proteobacteria_unclassified"
"14","Otu00004","GI_2",0.002715,"GI_2","Bacteria","Proteobacteria","Gammaproteobacteria","Pasteurellales","Pasteurellaceae"
"258","Otu00199","HG_2",0.002684,"HG_2","Bacteria","Tenericutes","Mollicutes","T2WK15B57","T2WK15B57_fa"
"125","Otu00047","GI_2",0.00264,"GI_2","Bacteria","Bacteroidetes","Bacteroidia","Bacteroidales","Rikenellaceae"
"328","Otu00278","HG_3",0.002628,"HG_3","Bacteria","Firmicutes","Clostridia","Clostridiales","Peptococcaceae"
"54","Otu00016","HG_3",0.002544,"HG_3","Bacteria","Spirochaetes","Spirochaetia","Brevinematales","Brevinemataceae"
"228","Otu00148","HG_1",0.002492,"HG_1","Bacteria","Lentisphaerae","Lentisphaeria","Victivallales","Victivallales_unclassified"
"107","Otu00040","GI_1",0.002455,"GI_1","Bacteria","Verrucomicrobia","Verrucomicrobiae","Verrucomicrobiales","Akkermansiaceae"
"227","Otu00148","HG_3",0.002396,"HG_3","Bacteria","Lentisphaerae","Lentisphaeria","Victivallales","Victivallales_unclassified"
"175","Otu00088","GI_4",0.0023,"GI_4","Bacteria","Proteobacteria","Gammaproteobacteria","Alteromonadales","Shewanellaceae"
"331","Otu00282","HG_3",0.002248,"HG_3","Bacteria","Bacteroidetes","Bacteroidia","Bacteroidales","Marinifilaceae"
"212","Otu00133","HG_3",0.002216,"HG_3","Eukaryota","Parabasalia","Parabasalia_unclassified","Parabasalia_unclassified","Parabasalia_unclassified"
"295","Otu00238","GI_3",0.002164,"GI_3","Bacteria","Firmicutes","Clostridia","Clostridiales","Clostridiales_unclassified"
"232","Otu00148","HG_2",0.00214,"HG_2","Bacteria","Lentisphaerae","Lentisphaeria","Victivallales","Victivallales_unclassified"
"327","Otu00278","HG_2",0.002084,"HG_2","Bacteria","Firmicutes","Clostridia","Clostridiales","Peptococcaceae"
"249","Otu00169","GI_1",0.002015,"GI_1","Eukaryota","Parabasalia","Gf10_symbiont_group","Gf10_symbiont_group_or","Gf10_symbiont_group_fa"
"267","Otu00224","GI_4",0.002012,"GI_4","Eukaryota","Parabasalia","Trichomonadea","Trichomonadea_or","Trichomonadea_fa"
"214","Otu00133","HG_1",0.001952,"HG_1","Eukaryota","Parabasalia","Parabasalia_unclassified","Parabasalia_unclassified","Parabasalia_unclassified"
"221","Otu00141","GI_4",0.001948,"GI_4","Bacteria","Bacteroidetes","Bacteroidia","Bacteroidales","Bacteroidales_unclassified"
"383","Otu00417","GI_1",0.00194,"GI_1","Bacteria","Proteobacteria","Proteobacteria_unclassified","Proteobacteria_unclassified","Proteobacteria_unclassified"
"167","Otu00087","GI_1",0.001935,"GI_1","Bacteria","Lentisphaerae","Lentisphaeria","Victivallales","Victivallaceae"
"393","Otu00478","GI_3",0.001896,"GI_3","Bacteria","Proteobacteria","Alphaproteobacteria","Alphaproteobacteria_unclassified","Alphaproteobacteria_unclassified"
"504","Otu01185","ST",0.00188666666666667,"ST","Bacteria","Chloroflexi","Anaerolineae","Ardenticatenales","uncultured"
"322","Otu00278","HG_1",0.00188,"HG_1","Bacteria","Firmicutes","Clostridia","Clostridiales","Peptococcaceae"
"477","Otu00916","ST",0.00178666666666667,"ST","Bacteria","Cyanobacteria","Oxyphotobacteria","Phormidesmiales","Phormidesmiaceae"
"239","Otu00151","HG_1",0.001768,"HG_1","Bacteria","Verrucomicrobia","Verrucomicrobiae","Verrucomicrobiae_unclassified","Verrucomicrobiae_unclassified"
"262","Otu00199","HG_3",0.001748,"HG_3","Bacteria","Tenericutes","Mollicutes","T2WK15B57","T2WK15B57_fa"
"394","Otu00478","GI_4",0.001696,"GI_4","Bacteria","Proteobacteria","Alphaproteobacteria","Alphaproteobacteria_unclassified","Alphaproteobacteria_unclassified"
"266","Otu00224","GI_3",0.001688,"GI_3","Eukaryota","Parabasalia","Trichomonadea","Trichomonadea_or","Trichomonadea_fa"
"197","Otu00120","HG_2",0.001672,"HG_2","Bacteria","Kiritimatiellaeota","Kiritimatiellae","Kiritimatiellales","Kiritimatiellaceae"
"210","Otu00133","GI_1",0.00167,"GI_1","Eukaryota","Parabasalia","Parabasalia_unclassified","Parabasalia_unclassified","Parabasalia_unclassified"
"88","Otu00024","ST",0.00163333333333333,"ST","Bacteria","Bacteroidetes","Bacteroidia","Bacteroidales","Tannerellaceae"
"163","Otu00087","GI_4",0.001568,"GI_4","Bacteria","Lentisphaerae","Lentisphaeria","Victivallales","Victivallaceae"
"237","Otu00151","HG_2",0.00156,"HG_2","Bacteria","Verrucomicrobia","Verrucomicrobiae","Verrucomicrobiae_unclassified","Verrucomicrobiae_unclassified"
"380","Otu00417","HG_2",0.001528,"HG_2","Bacteria","Proteobacteria","Proteobacteria_unclassified","Proteobacteria_unclassified","Proteobacteria_unclassified"
"381","Otu00417","HG_3",0.001468,"HG_3","Bacteria","Proteobacteria","Proteobacteria_unclassified","Proteobacteria_unclassified","Proteobacteria_unclassified"
"211","Otu00133","HG_2",0.001396,"HG_2","Eukaryota","Parabasalia","Parabasalia_unclassified","Parabasalia_unclassified","Parabasalia_unclassified"
"416","Otu00497","GI_2",0.001395,"GI_2","Bacteria","Proteobacteria","Alphaproteobacteria","Rickettsiales","Rickettsiales_unclassified"
"523","Otu01497","ST",0.00138333333333333,"ST","Bacteria","Proteobacteria","Alphaproteobacteria","Sphingomonadales","Sphingomonadaceae"
"238","Otu00151","HG_3",0.001376,"HG_3","Bacteria","Verrucomicrobia","Verrucomicrobiae","Verrucomicrobiae_unclassified","Verrucomicrobiae_unclassified"
"390","Otu00461","HG_1",0.001348,"HG_1","Bacteria","Firmicutes","Clostridia","Clostridiales","Family_XIII"
"335","Otu00282","HG_2",0.001332,"HG_2","Bacteria","Bacteroidetes","Bacteroidia","Bacteroidales","Marinifilaceae"
"391","Otu00461","HG_2",0.001328,"HG_2","Bacteria","Firmicutes","Clostridia","Clostridiales","Family_XIII"
"364","Otu00395","HG_2",0.001288,"HG_2","Bacteria","Actinobacteria","Coriobacteriia","Coriobacteriales","Eggerthellaceae"
"387","Otu00461","HG_3",0.001244,"HG_3","Bacteria","Firmicutes","Clostridia","Clostridiales","Family_XIII"
"108","Otu00040","ST",0.00124333333333333,"ST","Bacteria","Verrucomicrobia","Verrucomicrobiae","Verrucomicrobiales","Akkermansiaceae"
"332","Otu00282","HG_1",0.001236,"HG_1","Bacteria","Bacteroidetes","Bacteroidia","Bacteroidales","Marinifilaceae"
"67","Otu00019","ST",0.00118666666666667,"ST","Bacteria","Proteobacteria","Deltaproteobacteria","Desulfovibrionales","Desulfovibrionaceae"
"37","Otu00012","GI_4",0.001156,"GI_4","Bacteria","Fusobacteria","Fusobacteriia","Fusobacteriales","Fusobacteriaceae"
"138","Otu00062","ST",0.00108666666666667,"ST","Bacteria","Firmicutes","Clostridia","Clostridiales","Clostridiales_vadinBB60_group"
"429","Otu00593","GI_2",0.001085,"GI_2","Bacteria","Verrucomicrobia","Verrucomicrobiae","Opitutales","Puniceicoccaceae"
"288","Otu00236","GI_2",0.001075,"GI_2","Bacteria","Cyanobacteria","Oxyphotobacteria","Nostocales","Nostocaceae"
"363","Otu00395","HG_1",0.001044,"HG_1","Bacteria","Actinobacteria","Coriobacteriia","Coriobacteriales","Eggerthellaceae"
"456","Otu00807","HG_3",0.001016,"HG_3","Bacteria","Tenericutes","Mollicutes","Mollicutes_unclassified","Mollicutes_unclassified"
"455","Otu00807","HG_2",0.00098,"HG_2","Bacteria","Tenericutes","Mollicutes","Mollicutes_unclassified","Mollicutes_unclassified"
"291","Otu00238","GI_2",0.00095,"GI_2","Bacteria","Firmicutes","Clostridia","Clostridiales","Clostridiales_unclassified"
"154","Otu00075","GI_1",0.000945,"GI_1","Bacteria","Proteobacteria","Gammaproteobacteria","Betaproteobacteriales","Burkholderiaceae"
"102","Otu00027","ST",0.000943333333333333,"ST","Bacteria","Tenericutes","Mollicutes","DMI","DMI_fa"
"177","Otu00111","GI_4",0.00094,"GI_4","Bacteria","Firmicutes","Clostridia","Clostridiales","Christensenellaceae"
"346","Otu00352","GI_4",0.000928,"GI_4","Bacteria","Tenericutes","Mollicutes","Mollicutes_RF39","Mollicutes_RF39_fa"
"552","Otu01684","ST",0.00089,"ST","Bacteria","Bacteroidetes","Bacteroidia","Cytophagales","Flammeovirgaceae"
"325","Otu00278","GI_4",0.00086,"GI_4","Bacteria","Firmicutes","Clostridia","Clostridiales","Peptococcaceae"
"536","Otu01522","ST",0.00086,"ST","Bacteria","Proteobacteria","Gammaproteobacteria","Cellvibrionales","Halieaceae"
"190","Otu00113","GI_4",0.000856,"GI_4","Bacteria","Bacteroidetes","Bacteroidia","Bacteroidia_unclassified","Bacteroidia_unclassified"
"454","Otu00807","HG_1",0.000808,"HG_1","Bacteria","Tenericutes","Mollicutes","Mollicutes_unclassified","Mollicutes_unclassified"
"432","Otu00593","HG_2",0.000788,"HG_2","Bacteria","Verrucomicrobia","Verrucomicrobiae","Opitutales","Puniceicoccaceae"
"39","Otu00012","HG_1",0.000788,"HG_1","Bacteria","Fusobacteria","Fusobacteriia","Fusobacteriales","Fusobacteriaceae"
"111","Otu00040","GI_3",0.00078,"GI_3","Bacteria","Verrucomicrobia","Verrucomicrobiae","Verrucomicrobiales","Akkermansiaceae"
"263","Otu00199","HG_1",0.00078,"HG_1","Bacteria","Tenericutes","Mollicutes","T2WK15B57","T2WK15B57_fa"
"30","Otu00007","GI_1",0.00076,"GI_1","Bacteria","Firmicutes","Bacilli","Bacillales","Staphylococcaceae"
"343","Otu00339","ST",0.00074,"ST","Bacteria","Proteobacteria","Alphaproteobacteria","Rhodospirillales","Rhodospirillales_unclassified"
"415","Otu00497","GI_1",0.000725,"GI_1","Bacteria","Proteobacteria","Alphaproteobacteria","Rickettsiales","Rickettsiales_unclassified"
"168","Otu00087","ST",0.000706666666666667,"ST","Bacteria","Lentisphaerae","Lentisphaeria","Victivallales","Victivallaceae"
"389","Otu00461","GI_4",0.000664,"GI_4","Bacteria","Firmicutes","Clostridia","Clostridiales","Family_XIII"
"170","Otu00088","ST",0.000663333333333333,"ST","Bacteria","Proteobacteria","Gammaproteobacteria","Alteromonadales","Shewanellaceae"
"426","Otu00593","HG_1",0.00064,"HG_1","Bacteria","Verrucomicrobia","Verrucomicrobiae","Opitutales","Puniceicoccaceae"
"316","Otu00277","GI_3",0.000616,"GI_3","Bacteria","Cyanobacteria","Oxyphotobacteria","Nostocales","Phormidiaceae"
"217","Otu00141","ST",0.00061,"ST","Bacteria","Bacteroidetes","Bacteroidia","Bacteroidales","Bacteroidales_unclassified"
"12","Otu00004","GI_4",0.000608,"GI_4","Bacteria","Proteobacteria","Gammaproteobacteria","Pasteurellales","Pasteurellaceae"
"171","Otu00088","HG_3",6e-04,"HG_3","Bacteria","Proteobacteria","Gammaproteobacteria","Alteromonadales","Shewanellaceae"
"274","Otu00230","HG_3",0.000596,"HG_3","Bacteria","Proteobacteria","Alphaproteobacteria","Rickettsiales","uncultured"
"242","Otu00156","GI_4",0.000572,"GI_4","Bacteria","Proteobacteria","Alphaproteobacteria","Rhodospirillales","uncultured"
"179","Otu00111","GI_1",0.00057,"GI_1","Bacteria","Firmicutes","Clostridia","Clostridiales","Christensenellaceae"
"199","Otu00120","GI_1",0.00056,"GI_1","Bacteria","Kiritimatiellaeota","Kiritimatiellae","Kiritimatiellales","Kiritimatiellaceae"
"425","Otu00593","GI_3",0.000552,"GI_3","Bacteria","Verrucomicrobia","Verrucomicrobiae","Opitutales","Puniceicoccaceae"
"428","Otu00593","HG_3",0.000524,"HG_3","Bacteria","Verrucomicrobia","Verrucomicrobiae","Opitutales","Puniceicoccaceae"
"339","Otu00339","GI_4",0.000516,"GI_4","Bacteria","Proteobacteria","Alphaproteobacteria","Rhodospirillales","Rhodospirillales_unclassified"
"34","Otu00012","HG_3",5e-04,"HG_3","Bacteria","Fusobacteria","Fusobacteriia","Fusobacteriales","Fusobacteriaceae"
"459","Otu00817","HG_1",0.000496,"HG_1","Bacteria","Firmicutes","Firmicutes_unclassified","Firmicutes_unclassified","Firmicutes_unclassified"
"433","Otu00600","HG_3",0.000492,"HG_3","Bacteria","Epsilonbacteraeota","Campylobacteria","Campylobacterales","Arcobacteraceae"
"241","Otu00156","ST",0.000486666666666667,"ST","Bacteria","Proteobacteria","Alphaproteobacteria","Rhodospirillales","uncultured"
"353","Otu00387","GI_1",0.000475,"GI_1","Bacteria","Proteobacteria","Alphaproteobacteria","Paracaedibacterales","Paracaedibacteraceae"
"360","Otu00387","HG_2",0.000456,"HG_2","Bacteria","Proteobacteria","Alphaproteobacteria","Paracaedibacterales","Paracaedibacteraceae"
"273","Otu00230","HG_2",0.000452,"HG_2","Bacteria","Proteobacteria","Alphaproteobacteria","Rickettsiales","uncultured"
"397","Otu00478","GI_2",0.000445,"GI_2","Bacteria","Proteobacteria","Alphaproteobacteria","Alphaproteobacteria_unclassified","Alphaproteobacteria_unclassified"
"231","Otu00148","GI_4",0.000444,"GI_4","Bacteria","Lentisphaerae","Lentisphaeria","Victivallales","Victivallales_unclassified"
"40","Otu00012","HG_2",0.000436,"HG_2","Bacteria","Fusobacteria","Fusobacteriia","Fusobacteriales","Fusobacteriaceae"
"275","Otu00230","HG_1",0.000432,"HG_1","Bacteria","Proteobacteria","Alphaproteobacteria","Rickettsiales","uncultured"
"10","Otu00004","HG_1",0.00042,"HG_1","Bacteria","Proteobacteria","Gammaproteobacteria","Pasteurellales","Pasteurellaceae"
"268","Otu00224","GI_2",0.000415,"GI_2","Eukaryota","Parabasalia","Trichomonadea","Trichomonadea_or","Trichomonadea_fa"
"430","Otu00593","GI_1",0.000415,"GI_1","Bacteria","Verrucomicrobia","Verrucomicrobiae","Opitutales","Puniceicoccaceae"
"357","Otu00387","HG_1",0.000412,"HG_1","Bacteria","Proteobacteria","Alphaproteobacteria","Paracaedibacterales","Paracaedibacteraceae"
"155","Otu00075","ST",0.00041,"ST","Bacteria","Proteobacteria","Gammaproteobacteria","Betaproteobacteriales","Burkholderiaceae"
"145","Otu00074","GI_1",0.000405,"GI_1","Bacteria","Spirochaetes","Spirochaetia","Spirochaetales","Spirochaetaceae"
"293","Otu00238","ST",0.000403333333333333,"ST","Bacteria","Firmicutes","Clostridia","Clostridiales","Clostridiales_unclassified"
"493","Otu01081","HG_3",4e-04,"HG_3","Bacteria","Synergistetes","Synergistia","Synergistales","Synergistaceae"
"104","Otu00027","GI_1",4e-04,"GI_1","Bacteria","Tenericutes","Mollicutes","DMI","DMI_fa"
"336","Otu00282","GI_1",0.00036,"GI_1","Bacteria","Bacteroidetes","Bacteroidia","Bacteroidales","Marinifilaceae"
"427","Otu00593","GI_4",0.00036,"GI_4","Bacteria","Verrucomicrobia","Verrucomicrobiae","Opitutales","Puniceicoccaceae"
"229","Otu00148","GI_1",0.000345,"GI_1","Bacteria","Lentisphaerae","Lentisphaeria","Victivallales","Victivallales_unclassified"
"110","Otu00040","GI_2",0.00034,"GI_2","Bacteria","Verrucomicrobia","Verrucomicrobiae","Verrucomicrobiales","Akkermansiaceae"
"139","Otu00062","GI_1",0.00034,"GI_1","Bacteria","Firmicutes","Clostridia","Clostridiales","Clostridiales_vadinBB60_group"
"292","Otu00238","GI_1",0.00034,"GI_1","Bacteria","Firmicutes","Clostridia","Clostridiales","Clostridiales_unclassified"
"388","Otu00461","GI_3",0.000336,"GI_3","Bacteria","Firmicutes","Clostridia","Clostridiales","Family_XIII"
"464","Otu00817","HG_2",0.000336,"HG_2","Bacteria","Firmicutes","Firmicutes_unclassified","Firmicutes_unclassified","Firmicutes_unclassified"
"313","Otu00277","GI_1",0.00033,"GI_1","Bacteria","Cyanobacteria","Oxyphotobacteria","Nostocales","Phormidiaceae"
"142","Otu00062","GI_3",0.000328,"GI_3","Bacteria","Firmicutes","Clostridia","Clostridiales","Clostridiales_vadinBB60_group"
"9","Otu00004","GI_3",0.000324,"GI_3","Bacteria","Proteobacteria","Gammaproteobacteria","Pasteurellales","Pasteurellaceae"
"281","Otu00236","GI_1",0.00032,"GI_1","Bacteria","Cyanobacteria","Oxyphotobacteria","Nostocales","Nostocaceae"
"355","Otu00387","HG_3",0.000296,"HG_3","Bacteria","Proteobacteria","Alphaproteobacteria","Paracaedibacterales","Paracaedibacteraceae"
"323","Otu00278","GI_1",0.000295,"GI_1","Bacteria","Firmicutes","Clostridia","Clostridiales","Peptococcaceae"
"462","Otu00817","GI_4",0.000292,"GI_4","Bacteria","Firmicutes","Firmicutes_unclassified","Firmicutes_unclassified","Firmicutes_unclassified"
"398","Otu00478","GI_1",0.00029,"GI_1","Bacteria","Proteobacteria","Alphaproteobacteria","Alphaproteobacteria_unclassified","Alphaproteobacteria_unclassified"
"276","Otu00230","ST",0.00028,"ST","Bacteria","Proteobacteria","Alphaproteobacteria","Rickettsiales","uncultured"
"233","Otu00151","GI_1",0.00028,"GI_1","Bacteria","Verrucomicrobia","Verrucomicrobiae","Verrucomicrobiae_unclassified","Verrucomicrobiae_unclassified"
"489","Otu01081","HG_2",0.000272,"HG_2","Bacteria","Synergistetes","Synergistia","Synergistales","Synergistaceae"
"230","Otu00148","ST",0.000263333333333333,"ST","Bacteria","Lentisphaerae","Lentisphaeria","Victivallales","Victivallales_unclassified"
"16","Otu00004","HG_2",0.000252,"HG_2","Bacteria","Proteobacteria","Gammaproteobacteria","Pasteurellales","Pasteurellaceae"
"338","Otu00339","GI_1",0.00025,"GI_1","Bacteria","Proteobacteria","Alphaproteobacteria","Rhodospirillales","Rhodospirillales_unclassified"
"147","Otu00074","GI_4",0.000244,"GI_4","Bacteria","Spirochaetes","Spirochaetia","Spirochaetales","Spirochaetaceae"
"13","Otu00004","HG_3",0.00024,"HG_3","Bacteria","Proteobacteria","Gammaproteobacteria","Pasteurellales","Pasteurellaceae"
"252","Otu00169","ST",0.000236666666666667,"ST","Eukaryota","Parabasalia","Gf10_symbiont_group","Gf10_symbiont_group_or","Gf10_symbiont_group_fa"
"495","Otu01081","HG_1",0.000236,"HG_1","Bacteria","Synergistetes","Synergistia","Synergistales","Synergistaceae"
"345","Otu00352","ST",0.000233333333333333,"ST","Bacteria","Tenericutes","Mollicutes","Mollicutes_RF39","Mollicutes_RF39_fa"
"186","Otu00113","ST",0.000226666666666667,"ST","Bacteria","Bacteroidetes","Bacteroidia","Bacteroidia_unclassified","Bacteroidia_unclassified"
"438","Otu00600","HG_1",0.000224,"HG_1","Bacteria","Epsilonbacteraeota","Campylobacteria","Campylobacterales","Arcobacteraceae"
"218","Otu00141","GI_3",0.00022,"GI_3","Bacteria","Bacteroidetes","Bacteroidia","Bacteroidales","Bacteroidales_unclassified"
"539","Otu01682","HG_3",0.00022,"HG_3","Bacteria","Proteobacteria","Deltaproteobacteria","Bradymonadales","Bradymonadales_fa"
"348","Otu00352","GI_1",0.000205,"GI_1","Bacteria","Tenericutes","Mollicutes","Mollicutes_RF39","Mollicutes_RF39_fa"
"439","Otu00600","GI_1",2e-04,"GI_1","Bacteria","Epsilonbacteraeota","Campylobacteria","Campylobacterales","Arcobacteraceae"
"541","Otu01682","HG_1",0.000192,"HG_1","Bacteria","Proteobacteria","Deltaproteobacteria","Bradymonadales","Bradymonadales_fa"
"205","Otu00132","ST",0.00019,"ST","Bacteria","Bacteroidetes","Bacteroidia","Bacteroidales","Paludibacteraceae"
"324","Otu00278","ST",0.000186666666666667,"ST","Bacteria","Firmicutes","Clostridia","Clostridiales","Peptococcaceae"
"409","Otu00497","GI_4",0.000184,"GI_4","Bacteria","Proteobacteria","Alphaproteobacteria","Rickettsiales","Rickettsiales_unclassified"
"314","Otu00277","GI_4",0.00018,"GI_4","Bacteria","Cyanobacteria","Oxyphotobacteria","Nostocales","Phormidiaceae"
"372","Otu00396","GI_2",0.00018,"GI_2","Bacteria","Tenericutes","Mollicutes","Mycoplasmatales","Mycoplasmataceae"
"458","Otu00817","HG_3",0.00018,"HG_3","Bacteria","Firmicutes","Firmicutes_unclassified","Firmicutes_unclassified","Firmicutes_unclassified"
"452","Otu00807","GI_4",0.00018,"GI_4","Bacteria","Tenericutes","Mollicutes","Mollicutes_unclassified","Mollicutes_unclassified"
"215","Otu00133","ST",0.000173333333333333,"ST","Eukaryota","Parabasalia","Parabasalia_unclassified","Parabasalia_unclassified","Parabasalia_unclassified"
"382","Otu00417","GI_2",0.00017,"GI_2","Bacteria","Proteobacteria","Proteobacteria_unclassified","Proteobacteria_unclassified","Proteobacteria_unclassified"
"178","Otu00111","GI_3",0.000168,"GI_3","Bacteria","Firmicutes","Clostridia","Clostridiales","Christensenellaceae"
"347","Otu00352","GI_3",0.000164,"GI_3","Bacteria","Tenericutes","Mollicutes","Mollicutes_RF39","Mollicutes_RF39_fa"
"354","Otu00387","ST",0.00016,"ST","Bacteria","Proteobacteria","Alphaproteobacteria","Paracaedibacterales","Paracaedibacteraceae"
"299","Otu00245","GI_4",0.000152,"GI_4","Bacteria","Cyanobacteria","Melainabacteria","Gastranaerophilales","Gastranaerophilales_fa"
"240","Otu00151","ST",0.000146666666666667,"ST","Bacteria","Verrucomicrobia","Verrucomicrobiae","Verrucomicrobiae_unclassified","Verrucomicrobiae_unclassified"
"29","Otu00007","GI_2",0.000145,"GI_2","Bacteria","Firmicutes","Bacilli","Bacillales","Staphylococcaceae"
"410","Otu00497","GI_3",0.000144,"GI_3","Bacteria","Proteobacteria","Alphaproteobacteria","Rickettsiales","Rickettsiales_unclassified"
"32","Otu00007","HG_1",0.00014,"HG_1","Bacteria","Firmicutes","Bacilli","Bacillales","Staphylococcaceae"
"542","Otu01682","GI_1",0.00014,"GI_1","Bacteria","Proteobacteria","Deltaproteobacteria","Bradymonadales","Bradymonadales_fa"
"84","Otu00024","GI_2",0.00013,"GI_2","Bacteria","Bacteroidetes","Bacteroidia","Bacteroidales","Tannerellaceae"
"460","Otu00817","GI_1",0.00013,"GI_1","Bacteria","Firmicutes","Firmicutes_unclassified","Firmicutes_unclassified","Firmicutes_unclassified"
"366","Otu00395","GI_4",0.000128,"GI_4","Bacteria","Actinobacteria","Coriobacteriia","Coriobacteriales","Eggerthellaceae"
"201","Otu00132","GI_4",0.000124,"GI_4","Bacteria","Bacteroidetes","Bacteroidia","Bacteroidales","Paludibacteraceae"
"321","Otu00278","GI_3",0.00012,"GI_3","Bacteria","Firmicutes","Clostridia","Clostridiales","Peptococcaceae"
"234","Otu00151","GI_4",0.000112,"GI_4","Bacteria","Verrucomicrobia","Verrucomicrobiae","Verrucomicrobiae_unclassified","Verrucomicrobiae_unclassified"
"184","Otu00111","ST",9.66666666666667e-05,"ST","Bacteria","Firmicutes","Clostridia","Clostridiales","Christensenellaceae"
"31","Otu00007","ST",9.33333333333333e-05,"ST","Bacteria","Firmicutes","Bacilli","Bacillales","Staphylococcaceae"
"440","Otu00600","HG_2",9.2e-05,"HG_2","Bacteria","Epsilonbacteraeota","Campylobacteria","Campylobacterales","Arcobacteraceae"
"368","Otu00395","ST",9e-05,"ST","Bacteria","Actinobacteria","Coriobacteriia","Coriobacteriales","Eggerthellaceae"
"222","Otu00141","GI_2",8.5e-05,"GI_2","Bacteria","Bacteroidetes","Bacteroidia","Bacteroidales","Bacteroidales_unclassified"
"189","Otu00113","GI_3",8.4e-05,"GI_3","Bacteria","Bacteroidetes","Bacteroidia","Bacteroidia_unclassified","Bacteroidia_unclassified"
"247","Otu00156","GI_3",8e-05,"GI_3","Bacteria","Proteobacteria","Alphaproteobacteria","Rhodospirillales","uncultured"
"264","Otu00199","GI_4",7.6e-05,"GI_4","Bacteria","Tenericutes","Mollicutes","T2WK15B57","T2WK15B57_fa"
"153","Otu00075","GI_2",7.5e-05,"GI_2","Bacteria","Proteobacteria","Gammaproteobacteria","Betaproteobacteriales","Burkholderiaceae"
"496","Otu01081","GI_4",7.2e-05,"GI_4","Bacteria","Synergistetes","Synergistia","Synergistales","Synergistaceae"
"544","Otu01682","HG_2",6.8e-05,"HG_2","Bacteria","Proteobacteria","Deltaproteobacteria","Bradymonadales","Bradymonadales_fa"
"162","Otu00087","GI_3",6.4e-05,"GI_3","Bacteria","Lentisphaerae","Lentisphaeria","Victivallales","Victivallaceae"
"304","Otu00245","ST",6.33333333333333e-05,"ST","Bacteria","Cyanobacteria","Melainabacteria","Gastranaerophilales","Gastranaerophilales_fa"
"141","Otu00062","GI_2",6e-05,"GI_2","Bacteria","Firmicutes","Clostridia","Clostridiales","Clostridiales_vadinBB60_group"
"254","Otu00169","HG_1",6e-05,"HG_1","Eukaryota","Parabasalia","Gf10_symbiont_group","Gf10_symbiont_group_or","Gf10_symbiont_group_fa"
"437","Otu00600","GI_4",6e-05,"GI_4","Bacteria","Epsilonbacteraeota","Campylobacteria","Campylobacterales","Arcobacteraceae"
"272","Otu00224","ST",5.66666666666667e-05,"ST","Eukaryota","Parabasalia","Trichomonadea","Trichomonadea_or","Trichomonadea_fa"
"374","Otu00396","ST",5.33333333333333e-05,"ST","Bacteria","Tenericutes","Mollicutes","Mycoplasmatales","Mycoplasmataceae"
"226","Otu00148","GI_3",5.2e-05,"GI_3","Bacteria","Lentisphaerae","Lentisphaeria","Victivallales","Victivallales_unclassified"
"245","Otu00156","GI_1",5e-05,"GI_1","Bacteria","Proteobacteria","Alphaproteobacteria","Rhodospirillales","uncultured"
"317","Otu00277","HG_2",4.4e-05,"HG_2","Bacteria","Cyanobacteria","Oxyphotobacteria","Nostocales","Phormidiaceae"
"319","Otu00277","HG_1",4.4e-05,"HG_1","Bacteria","Cyanobacteria","Oxyphotobacteria","Nostocales","Phormidiaceae"
"185","Otu00113","GI_1",4e-05,"GI_1","Bacteria","Bacteroidetes","Bacteroidia","Bacteroidia_unclassified","Bacteroidia_unclassified"
"449","Otu00807","ST",4e-05,"ST","Bacteria","Tenericutes","Mollicutes","Mollicutes_unclassified","Mollicutes_unclassified"
"225","Otu00148","GI_2",3.5e-05,"GI_2","Bacteria","Lentisphaerae","Lentisphaeria","Victivallales","Victivallales_unclassified"
"183","Otu00111","GI_2",3.5e-05,"GI_2","Bacteria","Firmicutes","Clostridia","Clostridiales","Christensenellaceae"
"301","Otu00245","GI_1",3.5e-05,"GI_1","Bacteria","Cyanobacteria","Melainabacteria","Gastranaerophilales","Gastranaerophilales_fa"
"431","Otu00593","ST",3.33333333333333e-05,"ST","Bacteria","Verrucomicrobia","Verrucomicrobiae","Opitutales","Puniceicoccaceae"
"392","Otu00461","GI_2",3e-05,"GI_2","Bacteria","Firmicutes","Clostridia","Clostridiales","Family_XIII"
"284","Otu00236","GI_4",2.8e-05,"GI_4","Bacteria","Cyanobacteria","Oxyphotobacteria","Nostocales","Nostocaceae"
"370","Otu00396","HG_3",2.8e-05,"HG_3","Bacteria","Tenericutes","Mollicutes","Mycoplasmatales","Mycoplasmataceae"
"375","Otu00396","HG_2",2.8e-05,"HG_2","Bacteria","Tenericutes","Mollicutes","Mycoplasmatales","Mycoplasmataceae"
"166","Otu00087","GI_2",2.5e-05,"GI_2","Bacteria","Lentisphaerae","Lentisphaeria","Victivallales","Victivallaceae"
"146","Otu00074","GI_3",2.4e-05,"GI_3","Bacteria","Spirochaetes","Spirochaetia","Spirochaetales","Spirochaetaceae"
"255","Otu00169","HG_2",2.4e-05,"HG_2","Eukaryota","Parabasalia","Gf10_symbiont_group","Gf10_symbiont_group_or","Gf10_symbiont_group_fa"
"286","Otu00236","HG_1",2.4e-05,"HG_1","Bacteria","Cyanobacteria","Oxyphotobacteria","Nostocales","Nostocaceae"
"318","Otu00277","HG_3",2.4e-05,"HG_3","Bacteria","Cyanobacteria","Oxyphotobacteria","Nostocales","Phormidiaceae"
"472","Otu00851","HG_2",2.4e-05,"HG_2","Bacteria","Proteobacteria","Alphaproteobacteria","Rhizobiales","Rhodomicrobiaceae"
"342","Otu00339","GI_3",2e-05,"GI_3","Bacteria","Proteobacteria","Alphaproteobacteria","Rhodospirillales","Rhodospirillales_unclassified"
"287","Otu00236","HG_2",2e-05,"HG_2","Bacteria","Cyanobacteria","Oxyphotobacteria","Nostocales","Nostocaceae"
"373","Otu00396","GI_3",2e-05,"GI_3","Bacteria","Tenericutes","Mollicutes","Mycoplasmatales","Mycoplasmataceae"
"414","Otu00497","ST",1.66666666666667e-05,"ST","Bacteria","Proteobacteria","Alphaproteobacteria","Rickettsiales","Rickettsiales_unclassified"
"436","Otu00600","ST",1.66666666666667e-05,"ST","Bacteria","Epsilonbacteraeota","Campylobacteria","Campylobacterales","Arcobacteraceae"
"236","Otu00151","GI_3",1.6e-05,"GI_3","Bacteria","Verrucomicrobia","Verrucomicrobiae","Verrucomicrobiae_unclassified","Verrucomicrobiae_unclassified"
"306","Otu00266","HG_2",1.6e-05,"HG_2","Bacteria","Proteobacteria","Alphaproteobacteria","Thalassobaculales","uncultured"
"371","Otu00396","GI_4",1.6e-05,"GI_4","Bacteria","Tenericutes","Mollicutes","Mycoplasmatales","Mycoplasmataceae"
"38","Otu00012","GI_2",1.5e-05,"GI_2","Bacteria","Fusobacteria","Fusobacteriia","Fusobacteriales","Fusobacteriaceae"
"198","Otu00120","GI_2",1.5e-05,"GI_2","Bacteria","Kiritimatiellaeota","Kiritimatiellae","Kiritimatiellales","Kiritimatiellaceae"
"244","Otu00156","GI_2",1.5e-05,"GI_2","Bacteria","Proteobacteria","Alphaproteobacteria","Rhodospirillales","uncultured"
"465","Otu00851","GI_1",1.5e-05,"GI_1","Bacteria","Proteobacteria","Alphaproteobacteria","Rhizobiales","Rhodomicrobiaceae"
"411","Otu00497","HG_2",1.2e-05,"HG_2","Bacteria","Proteobacteria","Alphaproteobacteria","Rickettsiales","Rickettsiales_unclassified"
"412","Otu00497","HG_3",1.2e-05,"HG_3","Bacteria","Proteobacteria","Alphaproteobacteria","Rickettsiales","Rickettsiales_unclassified"
"413","Otu00497","HG_1",1.2e-05,"HG_1","Bacteria","Proteobacteria","Alphaproteobacteria","Rickettsiales","Rickettsiales_unclassified"
"450","Otu00807","GI_3",1.2e-05,"GI_3","Bacteria","Tenericutes","Mollicutes","Mollicutes_unclassified","Mollicutes_unclassified"
"516","Otu01463","HG_1",1.2e-05,"HG_1","Bacteria","Proteobacteria","Alphaproteobacteria","Rhodobacterales","Rhodobacteraceae"
"406","Otu00485","HG_1",8e-06,"HG_1","Bacteria","Bacteroidetes","Bacteroidia","Flavobacteriales","Flavobacteriaceae"
"467","Otu00851","GI_3",8e-06,"GI_3","Bacteria","Proteobacteria","Alphaproteobacteria","Rhizobiales","Rhodomicrobiaceae"
"470","Otu00851","HG_1",8e-06,"HG_1","Bacteria","Proteobacteria","Alphaproteobacteria","Rhizobiales","Rhodomicrobiaceae"
"379","Otu00417","ST",6.66666666666667e-06,"ST","Bacteria","Proteobacteria","Proteobacteria_unclassified","Proteobacteria_unclassified","Proteobacteria_unclassified"
"152","Otu00074","GI_2",5e-06,"GI_2","Bacteria","Spirochaetes","Spirochaetia","Spirochaetales","Spirochaetaceae"
"326","Otu00278","GI_2",5e-06,"GI_2","Bacteria","Firmicutes","Clostridia","Clostridiales","Peptococcaceae"
"376","Otu00396","HG_1",4e-06,"HG_1","Bacteria","Tenericutes","Mollicutes","Mycoplasmatales","Mycoplasmataceae"
"407","Otu00485","HG_2",4e-06,"HG_2","Bacteria","Bacteroidetes","Bacteroidia","Flavobacteriales","Flavobacteriaceae"
"490","Otu01081","GI_3",4e-06,"GI_3","Bacteria","Synergistetes","Synergistia","Synergistales","Synergistaceae"
"386","Otu00461","ST",3.33333333333333e-06,"ST","Bacteria","Firmicutes","Clostridia","Clostridiales","Family_XIII"
"25","Otu00007","GI_4",0,"GI_4","Bacteria","Firmicutes","Bacilli","Bacillales","Staphylococcaceae"
"26","Otu00007","GI_3",0,"GI_3","Bacteria","Firmicutes","Bacilli","Bacillales","Staphylococcaceae"
"27","Otu00007","HG_2",0,"HG_2","Bacteria","Firmicutes","Bacilli","Bacillales","Staphylococcaceae"
"28","Otu00007","HG_3",0,"HG_3","Bacteria","Firmicutes","Bacilli","Bacillales","Staphylococcaceae"
"149","Otu00074","ST",0,"ST","Bacteria","Spirochaetes","Spirochaetia","Spirochaetales","Spirochaetaceae"
"156","Otu00075","HG_3",0,"HG_3","Bacteria","Proteobacteria","Gammaproteobacteria","Betaproteobacteriales","Burkholderiaceae"
"157","Otu00075","GI_3",0,"GI_3","Bacteria","Proteobacteria","Gammaproteobacteria","Betaproteobacteriales","Burkholderiaceae"
"158","Otu00075","GI_4",0,"GI_4","Bacteria","Proteobacteria","Gammaproteobacteria","Betaproteobacteriales","Burkholderiaceae"
"159","Otu00075","HG_1",0,"HG_1","Bacteria","Proteobacteria","Gammaproteobacteria","Betaproteobacteriales","Burkholderiaceae"
"160","Otu00075","HG_2",0,"HG_2","Bacteria","Proteobacteria","Gammaproteobacteria","Betaproteobacteriales","Burkholderiaceae"
"188","Otu00113","GI_2",0,"GI_2","Bacteria","Bacteroidetes","Bacteroidia","Bacteroidia_unclassified","Bacteroidia_unclassified"
"193","Otu00120","GI_3",0,"GI_3","Bacteria","Kiritimatiellaeota","Kiritimatiellae","Kiritimatiellales","Kiritimatiellaceae"
"200","Otu00120","ST",0,"ST","Bacteria","Kiritimatiellaeota","Kiritimatiellae","Kiritimatiellales","Kiritimatiellaceae"
"203","Otu00132","GI_2",0,"GI_2","Bacteria","Bacteroidetes","Bacteroidia","Bacteroidales","Paludibacteraceae"
"204","Otu00132","GI_3",0,"GI_3","Bacteria","Bacteroidetes","Bacteroidia","Bacteroidales","Paludibacteraceae"
"208","Otu00132","GI_1",0,"GI_1","Bacteria","Bacteroidetes","Bacteroidia","Bacteroidales","Paludibacteraceae"
"235","Otu00151","GI_2",0,"GI_2","Bacteria","Verrucomicrobia","Verrucomicrobiae","Verrucomicrobiae_unclassified","Verrucomicrobiae_unclassified"
"250","Otu00169","HG_3",0,"HG_3","Eukaryota","Parabasalia","Gf10_symbiont_group","Gf10_symbiont_group_or","Gf10_symbiont_group_fa"
"257","Otu00199","GI_3",0,"GI_3","Bacteria","Tenericutes","Mollicutes","T2WK15B57","T2WK15B57_fa"
"259","Otu00199","GI_2",0,"GI_2","Bacteria","Tenericutes","Mollicutes","T2WK15B57","T2WK15B57_fa"
"260","Otu00199","GI_1",0,"GI_1","Bacteria","Tenericutes","Mollicutes","T2WK15B57","T2WK15B57_fa"
"261","Otu00199","ST",0,"ST","Bacteria","Tenericutes","Mollicutes","T2WK15B57","T2WK15B57_fa"
"270","Otu00224","GI_1",0,"GI_1","Eukaryota","Parabasalia","Trichomonadea","Trichomonadea_or","Trichomonadea_fa"
"282","Otu00236","GI_3",0,"GI_3","Bacteria","Cyanobacteria","Oxyphotobacteria","Nostocales","Nostocaceae"
"285","Otu00236","HG_3",0,"HG_3","Bacteria","Cyanobacteria","Oxyphotobacteria","Nostocales","Nostocaceae"
"298","Otu00245","GI_3",0,"GI_3","Bacteria","Cyanobacteria","Melainabacteria","Gastranaerophilales","Gastranaerophilales_fa"
"303","Otu00245","GI_2",0,"GI_2","Bacteria","Cyanobacteria","Melainabacteria","Gastranaerophilales","Gastranaerophilales_fa"
"305","Otu00266","GI_4",0,"GI_4","Bacteria","Proteobacteria","Alphaproteobacteria","Thalassobaculales","uncultured"
"307","Otu00266","GI_3",0,"GI_3","Bacteria","Proteobacteria","Alphaproteobacteria","Thalassobaculales","uncultured"
"309","Otu00266","HG_3",0,"HG_3","Bacteria","Proteobacteria","Alphaproteobacteria","Thalassobaculales","uncultured"
"310","Otu00266","GI_2",0,"GI_2","Bacteria","Proteobacteria","Alphaproteobacteria","Thalassobaculales","uncultured"
"311","Otu00266","HG_1",0,"HG_1","Bacteria","Proteobacteria","Alphaproteobacteria","Thalassobaculales","uncultured"
"312","Otu00266","GI_1",0,"GI_1","Bacteria","Proteobacteria","Alphaproteobacteria","Thalassobaculales","uncultured"
"329","Otu00282","GI_2",0,"GI_2","Bacteria","Bacteroidetes","Bacteroidia","Bacteroidales","Marinifilaceae"
"330","Otu00282","GI_3",0,"GI_3","Bacteria","Bacteroidetes","Bacteroidia","Bacteroidales","Marinifilaceae"
"333","Otu00282","ST",0,"ST","Bacteria","Bacteroidetes","Bacteroidia","Bacteroidales","Marinifilaceae"
"334","Otu00282","GI_4",0,"GI_4","Bacteria","Bacteroidetes","Bacteroidia","Bacteroidales","Marinifilaceae"
"341","Otu00339","GI_2",0,"GI_2","Bacteria","Proteobacteria","Alphaproteobacteria","Rhodospirillales","Rhodospirillales_unclassified"
"351","Otu00352","GI_2",0,"GI_2","Bacteria","Tenericutes","Mollicutes","Mollicutes_RF39","Mollicutes_RF39_fa"
"361","Otu00395","GI_3",0,"GI_3","Bacteria","Actinobacteria","Coriobacteriia","Coriobacteriales","Eggerthellaceae"
"362","Otu00395","GI_2",0,"GI_2","Bacteria","Actinobacteria","Coriobacteriia","Coriobacteriales","Eggerthellaceae"
"367","Otu00395","GI_1",0,"GI_1","Bacteria","Actinobacteria","Coriobacteriia","Coriobacteriales","Eggerthellaceae"
"385","Otu00461","GI_1",0,"GI_1","Bacteria","Firmicutes","Clostridia","Clostridiales","Family_XIII"
"401","Otu00485","HG_3",0,"HG_3","Bacteria","Bacteroidetes","Bacteroidia","Flavobacteriales","Flavobacteriaceae"
"402","Otu00485","GI_2",0,"GI_2","Bacteria","Bacteroidetes","Bacteroidia","Flavobacteriales","Flavobacteriaceae"
"403","Otu00485","GI_3",0,"GI_3","Bacteria","Bacteroidetes","Bacteroidia","Flavobacteriales","Flavobacteriaceae"
"404","Otu00485","GI_1",0,"GI_1","Bacteria","Bacteroidetes","Bacteroidia","Flavobacteriales","Flavobacteriaceae"
"405","Otu00485","GI_4",0,"GI_4","Bacteria","Bacteroidetes","Bacteroidia","Flavobacteriales","Flavobacteriaceae"
"417","Otu00512","GI_1",0,"GI_1","Bacteria","Cyanobacteria","Oxyphotobacteria","Oxyphotobacteria_unclassified","Oxyphotobacteria_unclassified"
"419","Otu00512","GI_2",0,"GI_2","Bacteria","Cyanobacteria","Oxyphotobacteria","Oxyphotobacteria_unclassified","Oxyphotobacteria_unclassified"
"420","Otu00512","GI_3",0,"GI_3","Bacteria","Cyanobacteria","Oxyphotobacteria","Oxyphotobacteria_unclassified","Oxyphotobacteria_unclassified"
"421","Otu00512","GI_4",0,"GI_4","Bacteria","Cyanobacteria","Oxyphotobacteria","Oxyphotobacteria_unclassified","Oxyphotobacteria_unclassified"
"422","Otu00512","HG_3",0,"HG_3","Bacteria","Cyanobacteria","Oxyphotobacteria","Oxyphotobacteria_unclassified","Oxyphotobacteria_unclassified"
"423","Otu00512","HG_1",0,"HG_1","Bacteria","Cyanobacteria","Oxyphotobacteria","Oxyphotobacteria_unclassified","Oxyphotobacteria_unclassified"
"424","Otu00512","HG_2",0,"HG_2","Bacteria","Cyanobacteria","Oxyphotobacteria","Oxyphotobacteria_unclassified","Oxyphotobacteria_unclassified"
"434","Otu00600","GI_2",0,"GI_2","Bacteria","Epsilonbacteraeota","Campylobacteria","Campylobacterales","Arcobacteraceae"
"435","Otu00600","GI_3",0,"GI_3","Bacteria","Epsilonbacteraeota","Campylobacteria","Campylobacterales","Arcobacteraceae"
"441","Otu00634","GI_4",0,"GI_4","Bacteria","Proteobacteria","Alphaproteobacteria","Caulobacterales","Hyphomonadaceae"
"442","Otu00634","HG_2",0,"HG_2","Bacteria","Proteobacteria","Alphaproteobacteria","Caulobacterales","Hyphomonadaceae"
"443","Otu00634","HG_3",0,"HG_3","Bacteria","Proteobacteria","Alphaproteobacteria","Caulobacterales","Hyphomonadaceae"
"444","Otu00634","GI_3",0,"GI_3","Bacteria","Proteobacteria","Alphaproteobacteria","Caulobacterales","Hyphomonadaceae"
"445","Otu00634","GI_1",0,"GI_1","Bacteria","Proteobacteria","Alphaproteobacteria","Caulobacterales","Hyphomonadaceae"
"447","Otu00634","GI_2",0,"GI_2","Bacteria","Proteobacteria","Alphaproteobacteria","Caulobacterales","Hyphomonadaceae"
"448","Otu00634","HG_1",0,"HG_1","Bacteria","Proteobacteria","Alphaproteobacteria","Caulobacterales","Hyphomonadaceae"
"451","Otu00807","GI_1",0,"GI_1","Bacteria","Tenericutes","Mollicutes","Mollicutes_unclassified","Mollicutes_unclassified"
"453","Otu00807","GI_2",0,"GI_2","Bacteria","Tenericutes","Mollicutes","Mollicutes_unclassified","Mollicutes_unclassified"
"457","Otu00817","GI_3",0,"GI_3","Bacteria","Firmicutes","Firmicutes_unclassified","Firmicutes_unclassified","Firmicutes_unclassified"
"461","Otu00817","ST",0,"ST","Bacteria","Firmicutes","Firmicutes_unclassified","Firmicutes_unclassified","Firmicutes_unclassified"
"463","Otu00817","GI_2",0,"GI_2","Bacteria","Firmicutes","Firmicutes_unclassified","Firmicutes_unclassified","Firmicutes_unclassified"
"466","Otu00851","GI_2",0,"GI_2","Bacteria","Proteobacteria","Alphaproteobacteria","Rhizobiales","Rhodomicrobiaceae"
"468","Otu00851","GI_4",0,"GI_4","Bacteria","Proteobacteria","Alphaproteobacteria","Rhizobiales","Rhodomicrobiaceae"
"469","Otu00851","HG_3",0,"HG_3","Bacteria","Proteobacteria","Alphaproteobacteria","Rhizobiales","Rhodomicrobiaceae"
"473","Otu00916","GI_4",0,"GI_4","Bacteria","Cyanobacteria","Oxyphotobacteria","Phormidesmiales","Phormidesmiaceae"
"474","Otu00916","HG_3",0,"HG_3","Bacteria","Cyanobacteria","Oxyphotobacteria","Phormidesmiales","Phormidesmiaceae"
"475","Otu00916","GI_2",0,"GI_2","Bacteria","Cyanobacteria","Oxyphotobacteria","Phormidesmiales","Phormidesmiaceae"
"476","Otu00916","GI_1",0,"GI_1","Bacteria","Cyanobacteria","Oxyphotobacteria","Phormidesmiales","Phormidesmiaceae"
"478","Otu00916","HG_2",0,"HG_2","Bacteria","Cyanobacteria","Oxyphotobacteria","Phormidesmiales","Phormidesmiaceae"
"479","Otu00916","GI_3",0,"GI_3","Bacteria","Cyanobacteria","Oxyphotobacteria","Phormidesmiales","Phormidesmiaceae"
"480","Otu00916","HG_1",0,"HG_1","Bacteria","Cyanobacteria","Oxyphotobacteria","Phormidesmiales","Phormidesmiaceae"
"481","Otu01063","HG_3",0,"HG_3","Bacteria","Proteobacteria","Gammaproteobacteria","Cellvibrionales","Cellvibrionaceae"
"482","Otu01063","GI_3",0,"GI_3","Bacteria","Proteobacteria","Gammaproteobacteria","Cellvibrionales","Cellvibrionaceae"
"484","Otu01063","GI_4",0,"GI_4","Bacteria","Proteobacteria","Gammaproteobacteria","Cellvibrionales","Cellvibrionaceae"
"485","Otu01063","HG_1",0,"HG_1","Bacteria","Proteobacteria","Gammaproteobacteria","Cellvibrionales","Cellvibrionaceae"
"486","Otu01063","GI_1",0,"GI_1","Bacteria","Proteobacteria","Gammaproteobacteria","Cellvibrionales","Cellvibrionaceae"
"487","Otu01063","HG_2",0,"HG_2","Bacteria","Proteobacteria","Gammaproteobacteria","Cellvibrionales","Cellvibrionaceae"
"488","Otu01063","GI_2",0,"GI_2","Bacteria","Proteobacteria","Gammaproteobacteria","Cellvibrionales","Cellvibrionaceae"
"491","Otu01081","GI_1",0,"GI_1","Bacteria","Synergistetes","Synergistia","Synergistales","Synergistaceae"
"492","Otu01081","ST",0,"ST","Bacteria","Synergistetes","Synergistia","Synergistales","Synergistaceae"
"494","Otu01081","GI_2",0,"GI_2","Bacteria","Synergistetes","Synergistia","Synergistales","Synergistaceae"
"497","Otu01185","GI_3",0,"GI_3","Bacteria","Chloroflexi","Anaerolineae","Ardenticatenales","uncultured"
"498","Otu01185","GI_4",0,"GI_4","Bacteria","Chloroflexi","Anaerolineae","Ardenticatenales","uncultured"
"499","Otu01185","GI_2",0,"GI_2","Bacteria","Chloroflexi","Anaerolineae","Ardenticatenales","uncultured"
"500","Otu01185","HG_1",0,"HG_1","Bacteria","Chloroflexi","Anaerolineae","Ardenticatenales","uncultured"
"501","Otu01185","GI_1",0,"GI_1","Bacteria","Chloroflexi","Anaerolineae","Ardenticatenales","uncultured"
"502","Otu01185","HG_2",0,"HG_2","Bacteria","Chloroflexi","Anaerolineae","Ardenticatenales","uncultured"
"503","Otu01185","HG_3",0,"HG_3","Bacteria","Chloroflexi","Anaerolineae","Ardenticatenales","uncultured"
"505","Otu01270","HG_3",0,"HG_3","Bacteria","Bacteroidetes","Bacteroidia","Cytophagales","Cyclobacteriaceae"
"506","Otu01270","HG_1",0,"HG_1","Bacteria","Bacteroidetes","Bacteroidia","Cytophagales","Cyclobacteriaceae"
"507","Otu01270","GI_1",0,"GI_1","Bacteria","Bacteroidetes","Bacteroidia","Cytophagales","Cyclobacteriaceae"
"509","Otu01270","GI_4",0,"GI_4","Bacteria","Bacteroidetes","Bacteroidia","Cytophagales","Cyclobacteriaceae"
"510","Otu01270","GI_2",0,"GI_2","Bacteria","Bacteroidetes","Bacteroidia","Cytophagales","Cyclobacteriaceae"
"511","Otu01270","GI_3",0,"GI_3","Bacteria","Bacteroidetes","Bacteroidia","Cytophagales","Cyclobacteriaceae"
"512","Otu01270","HG_2",0,"HG_2","Bacteria","Bacteroidetes","Bacteroidia","Cytophagales","Cyclobacteriaceae"
"513","Otu01463","GI_3",0,"GI_3","Bacteria","Proteobacteria","Alphaproteobacteria","Rhodobacterales","Rhodobacteraceae"
"514","Otu01463","GI_4",0,"GI_4","Bacteria","Proteobacteria","Alphaproteobacteria","Rhodobacterales","Rhodobacteraceae"
"515","Otu01463","HG_3",0,"HG_3","Bacteria","Proteobacteria","Alphaproteobacteria","Rhodobacterales","Rhodobacteraceae"
"518","Otu01463","HG_2",0,"HG_2","Bacteria","Proteobacteria","Alphaproteobacteria","Rhodobacterales","Rhodobacteraceae"
"519","Otu01463","GI_2",0,"GI_2","Bacteria","Proteobacteria","Alphaproteobacteria","Rhodobacterales","Rhodobacteraceae"
"520","Otu01463","GI_1",0,"GI_1","Bacteria","Proteobacteria","Alphaproteobacteria","Rhodobacterales","Rhodobacteraceae"
"521","Otu01497","GI_4",0,"GI_4","Bacteria","Proteobacteria","Alphaproteobacteria","Sphingomonadales","Sphingomonadaceae"
"522","Otu01497","GI_1",0,"GI_1","Bacteria","Proteobacteria","Alphaproteobacteria","Sphingomonadales","Sphingomonadaceae"
"524","Otu01497","HG_3",0,"HG_3","Bacteria","Proteobacteria","Alphaproteobacteria","Sphingomonadales","Sphingomonadaceae"
"525","Otu01497","GI_2",0,"GI_2","Bacteria","Proteobacteria","Alphaproteobacteria","Sphingomonadales","Sphingomonadaceae"
"526","Otu01497","GI_3",0,"GI_3","Bacteria","Proteobacteria","Alphaproteobacteria","Sphingomonadales","Sphingomonadaceae"
"527","Otu01497","HG_2",0,"HG_2","Bacteria","Proteobacteria","Alphaproteobacteria","Sphingomonadales","Sphingomonadaceae"
"528","Otu01497","HG_1",0,"HG_1","Bacteria","Proteobacteria","Alphaproteobacteria","Sphingomonadales","Sphingomonadaceae"
"529","Otu01522","GI_3",0,"GI_3","Bacteria","Proteobacteria","Gammaproteobacteria","Cellvibrionales","Halieaceae"
"530","Otu01522","GI_4",0,"GI_4","Bacteria","Proteobacteria","Gammaproteobacteria","Cellvibrionales","Halieaceae"
"531","Otu01522","HG_1",0,"HG_1","Bacteria","Proteobacteria","Gammaproteobacteria","Cellvibrionales","Halieaceae"
"532","Otu01522","GI_1",0,"GI_1","Bacteria","Proteobacteria","Gammaproteobacteria","Cellvibrionales","Halieaceae"
"533","Otu01522","HG_2",0,"HG_2","Bacteria","Proteobacteria","Gammaproteobacteria","Cellvibrionales","Halieaceae"
"534","Otu01522","HG_3",0,"HG_3","Bacteria","Proteobacteria","Gammaproteobacteria","Cellvibrionales","Halieaceae"
"535","Otu01522","GI_2",0,"GI_2","Bacteria","Proteobacteria","Gammaproteobacteria","Cellvibrionales","Halieaceae"
"537","Otu01682","GI_3",0,"GI_3","Bacteria","Proteobacteria","Deltaproteobacteria","Bradymonadales","Bradymonadales_fa"
"538","Otu01682","ST",0,"ST","Bacteria","Proteobacteria","Deltaproteobacteria","Bradymonadales","Bradymonadales_fa"
"540","Otu01682","GI_2",0,"GI_2","Bacteria","Proteobacteria","Deltaproteobacteria","Bradymonadales","Bradymonadales_fa"
"543","Otu01682","GI_4",0,"GI_4","Bacteria","Proteobacteria","Deltaproteobacteria","Bradymonadales","Bradymonadales_fa"
"545","Otu01684","GI_4",0,"GI_4","Bacteria","Bacteroidetes","Bacteroidia","Cytophagales","Flammeovirgaceae"
"546","Otu01684","GI_2",0,"GI_2","Bacteria","Bacteroidetes","Bacteroidia","Cytophagales","Flammeovirgaceae"
"547","Otu01684","GI_3",0,"GI_3","Bacteria","Bacteroidetes","Bacteroidia","Cytophagales","Flammeovirgaceae"
"548","Otu01684","HG_2",0,"HG_2","Bacteria","Bacteroidetes","Bacteroidia","Cytophagales","Flammeovirgaceae"
"549","Otu01684","HG_3",0,"HG_3","Bacteria","Bacteroidetes","Bacteroidia","Cytophagales","Flammeovirgaceae"
"550","Otu01684","HG_1",0,"HG_1","Bacteria","Bacteroidetes","Bacteroidia","Cytophagales","Flammeovirgaceae"
"551","Otu01684","GI_1",0,"GI_1","Bacteria","Bacteroidetes","Bacteroidia","Cytophagales","Flammeovirgaceae"
"1100","Other","GI_1",0.031065,"GI_1","Other","Other","Other","Other","Other"
"2100","Other","GI_2",0.00917999999999997,"GI_2","Other","Other","Other","Other","Other"
"3100","Other","GI_3",0.023604,"GI_3","Other","Other","Other","Other","Other"
"4100","Other","GI_4",0.030392,"GI_4","Other","Other","Other","Other","Other"
"553","Other","HG_1",0.039124,"HG_1","Other","Other","Other","Other","Other"
"610","Other","HG_2",0.040628,"HG_2","Other","Other","Other","Other","Other"
"710","Other","HG_3",0.0443279999999999,"HG_3","Other","Other","Other","Other","Other"
"810","Other","ST",0.1848,"ST","Other","Other","Other","Other","Other"
